_CODE_2021,Tot_P_P
20001,4
20002,9088
20003,3925
20004,7
20005,146
20006,0
20007,83
20008,65
20009,85
20010,61
20011,7982
20012,0
20013,979
20014,160
20015,8173
20016,0
20017,5641
20018,6044
20019,297
20020,76
20021,4334
20022,2801
20023,11822
20024,24
20025,96
20026,61
20027,297
20028,1410
20029,185
20030,168
20031,195
20032,31
20033,66
20034,5702
20035,11490
20036,18479
20037,12962
20038,141
20039,63
20040,4
20041,223
20042,734
20043,99
20044,26
20045,31
20046,3208
20047,40
20048,53
20049,1790
20050,12
20051,38
20052,329
20053,8500
20054,92
20055,0
20056,212
20057,95
20058,23
20059,12
20060,16
20061,32
20062,3170
20063,497
20064,18
20065,272
20066,9368
20067,90
20068,11247
20069,56
20070,19
20071,478
20072,414
20073,93
20074,2571
20075,15197
20076,242
20077,7952
20078,7154
20079,7285
20080,6427
20081,147
20082,3309
20083,3
20084,5
20085,255
20086,1112
20087,1356
20088,8
20089,12388
20090,42
20091,844
20092,452
20093,984
20094,39
20095,7808
20096,347
20097,1610
20098,10
20099,355
20100,39
20101,56
20102,120
20103,7905
20104,180
20105,5392
20106,114
20107,59
20108,3392
20109,71
20110,19
20111,5378
20112,5937
20113,4041
20114,120
20115,254
20116,199
20117,77
20118,135
20119,281
20120,2371
20121,471
20122,9
20123,13495
20124,21302
20125,491
20126,282
20127,115
20128,44
20129,855
20130,62
20131,749
20132,78
20133,6470
20134,22
20135,27
20136,3041
20137,82
20138,185
20139,11
20140,141
20141,487
20142,49
20143,41
20144,229
20145,12
20146,987
20147,188
20148,149
20149,458
20150,291
20151,247
20152,22
20153,11
20154,45
20155,5
20156,39
20157,33
20158,10
20159,96
20160,269
20161,136
20162,4353
20163,23
20164,405
20165,1141
20166,76
20167,0
20168,30
20169,2166
20170,22
20171,445
20172,95
20173,12262
20174,9014
20175,7267
20176,2997
20177,213
20178,167
20179,53
20180,44
20181,1712
20182,13947
20183,24
20184,394
20185,125
20186,4274
20187,17
20188,3894
20189,1398
20190,1670
20191,5602
20192,5083
20193,169
20194,5
20195,1346
20196,393
20197,59
20198,1996
20199,0
20200,151
20201,15066
20202,72
20203,303
20204,10822
20205,173
20206,69
20207,267
20208,5652
20209,109
20210,93
20211,56
20212,138
20213,42
20214,17921
20215,30159
20216,9
20217,165
20218,52
20219,194
20220,35
20221,180
20222,37
20223,174
20224,50298
20225,113
20226,135
20227,84
20228,13
20229,485
20230,101
20231,312
20232,337
20233,4642
20234,8
20235,281
20236,38
20237,60
20238,61
20239,0
20240,11
20241,49
20242,134
20243,8
20244,694
20245,9
20246,748
20247,942
20248,4276
20249,2124
20250,274
20251,6389
20252,14478
20253,7627
20254,10939
20255,38
20256,387
20257,2786
20258,43
20259,237
20260,1290
20261,82
20262,25
20263,100
20264,84
20265,8
20266,88
20267,93
20268,19
20269,14
20270,307
20271,4
20272,185
20273,15
20274,647
20275,48
20276,107
20277,52
20278,6855
20279,610
20280,314
20281,48
20282,333
20283,666
20284,949
20285,159
20286,0
20287,5
20288,1023
20289,147
20290,9
20291,38
20292,14
20293,18
20294,142
20295,135
20296,13
20297,53
20298,166
20299,54
20300,940
20301,108
20302,79
20303,33
20304,23607
20305,59
20306,85
20307,6739
20308,154
20309,209
20310,51
20311,42
20312,106
20313,44
20314,14353
20315,12337
20316,8491
20317,19
20318,12
20319,46
20320,25
20321,94
20322,304
20323,14
20324,9682
20325,39
20326,1060
20327,151
20328,29
20329,47
20330,1133
20331,3220
20332,117
20333,133
20334,54
20335,341
20336,2620
20337,23252
20338,16757
20339,181
20340,11
20341,56
20342,80
20343,6
20344,42
20345,4592
20346,12524
20347,75
20348,29
20349,45
20350,46
20351,10782
20352,1979
20353,16
20354,213
20355,65
20356,4489
20357,99
20358,114
20359,127
20360,0
20361,24896
20362,13279
20363,14746
20364,820
20365,112
20366,201
20367,102
20368,156
20369,228
20370,21
20371,52
20372,0
20373,146
20374,0
20375,284
20376,285
20377,104
20378,5
20379,0
20380,19
20381,668
20382,19
20383,77
20384,89
20385,48
20386,11219
20387,714
20388,63
20389,45
20390,551
20391,182
20392,101
20393,313
20394,229
20395,512
20396,42
20397,0
20398,61
20399,28068
20400,63
20401,65
20402,32
20403,93
20404,302
20405,29
20406,44
20407,0
20408,18
20409,3797
20410,270
20411,3131
20412,95
20413,0
20414,14
20415,20
20416,47
20417,37
20418,794
20419,5800
20420,6377
20421,36
20422,241
20423,24
20424,24
20425,249
20426,15147
20427,10675
20428,596
20429,49
20430,7
20431,591
20432,129
20433,134
20434,160
20435,117
20436,161
20437,482
20438,10
20439,52
20440,25
20441,10038
20442,0
20443,181
20444,4476
20445,178
20446,45
20447,391
20448,42
20449,10
20450,30
20451,186
20452,0
20453,21965
20454,292
20455,4977
20456,21
20457,2071
20458,50
20459,51
20460,3354
20461,4098
20462,4
20463,82
20464,197
20465,16
20466,650
20467,45
20468,7800
20469,151
20470,148
20471,5
20472,34
20473,1111
20474,569
20475,2301
20476,5246
20477,54
20478,61
20479,3
20480,256
20481,60
20482,40
20483,67
20484,97
20485,1064
20486,957
20487,342
20488,847
20489,38
20490,26
20491,16
20492,1192
20493,168
20494,382
20495,16055
20496,6177
20497,82
20498,17909
20499,171
20500,24488
20501,115
20502,100
20503,129
20504,42
20505,43
20506,18
20507,4239
20508,21976
20509,68
20510,197
20511,21
20512,257
20513,1673
20514,85
20515,139
20516,7506
20517,297
20518,110
20519,27
20520,14
20521,5748
20522,1293
20523,16903
20524,12328
20525,59
20526,366
20527,266
20528,9552
20529,0
20530,0
20531,42
20532,42
20533,2612
20534,82
20535,1095
20536,49
20537,8347
20538,5393
20539,23992
20540,60
20541,68
20542,3
20543,213
20544,0
20545,204
20546,85
20547,763
20548,50
20549,91
20550,3
20551,1580
20552,77
20553,3
20554,17
20555,111
20556,11779
20557,8
20558,61
20559,365
20560,981
20561,4924
20562,0
20563,13
20564,163
20565,35
20566,7441
20567,303
20568,75
20569,18988
20570,13381
20571,57
20572,352
20573,252
20574,6606
20575,7646
20576,347
20577,15
20578,178
20579,25
20580,1844
20581,11177
20582,31681
20583,133
20584,62
20585,55
20586,245
20587,104
20588,0
20589,0
20590,3601
20591,1804
20592,6148
20593,232
20594,72
20595,58
20596,26574
20597,8327
20598,4
20599,9
20600,4408
20601,0
20602,37
20603,80
20604,2415
20605,409
20606,0
20607,9243
20608,61
20609,168
20610,89
20611,285
20612,41
20613,2199
20614,1062
20615,305
20616,9179
20617,7
20618,146
20619,104
20620,620
20621,953
20622,23
20623,38
20624,3193
20625,94
20626,134
20627,308
20628,229
20629,30
20630,18
20631,311
20632,42
20633,220
20634,33
20635,10
20636,171
20637,88
20638,131
20639,1181
20640,15497
20641,27
20642,43
20643,94
20644,1108
20645,161
20646,358
20647,17
20648,1352
20649,119
20650,50
20651,53
20652,70
20653,20
20654,609
20655,0
20656,33
20657,6593
20658,34
20659,389
20660,62
20661,65178
20662,21281
20663,24679
20664,24683
20665,3241
20666,19969
20667,34
20668,39
20669,162
20670,2158
20671,176
20672,3279
20673,55
20674,3343
20675,0
20676,5
20677,27
20678,235
20679,161
20680,72
20681,70
20682,28608
20683,4839
20684,8092
20685,4759
20686,15
20687,311
20688,254
20689,86
20690,31
20691,36
20692,81
20693,15
20694,10
20695,25
20696,125
20697,4175
20698,20
20699,69
20700,398
20701,403
20702,6762
20703,142
20704,57
20705,0
20706,843
20707,30127
20708,22550
20709,125
20710,8
20711,105
20712,9190
20713,46
20714,84
20715,759
20716,402
20717,12
20718,299
20719,130
20720,40
20721,2781
20722,132
20723,368
20724,654
20725,12
20726,198
20727,210
20728,2101
20729,18145
20730,5408
20731,8077
20732,13
20733,37
20734,41
20735,19
20736,453
20737,1994
20738,148
20739,0
20740,18
20741,664
20742,57
20743,8651
20744,99
20745,386
20746,208
20747,14
20748,1551
20749,352
20750,151
20751,369
20752,12503
20753,122
20754,5669
20755,78
20756,1635
20757,195
20758,10495
20759,99
20760,128
20761,148
20762,344
20763,33
20764,106
20765,59
20766,15495
20767,13
20768,61
20769,586
20770,1472
20771,25020
20772,30926
20773,2100
20774,12644
20775,13
20776,250
20777,333
20778,51
20779,27122
20780,21
20781,0
20782,74
20783,9603
20784,77
20785,28
20786,101
20787,46
20788,6626
20789,19
20790,15287
20791,177
20792,343
20793,361
20794,41
20795,160
20796,571
20797,42
20798,294
20799,203
20800,119
20801,41
20802,4976
20803,47
20804,455
20805,90
20806,18
20807,83
20808,52
20809,688
20810,36
20811,15
20812,259
20813,899
20814,70
20815,12
20816,408
20817,60
20818,32
20819,0
20820,91
20821,23
20822,1306
20823,5538
20824,13
20825,3960
20826,82
20827,1352
20828,2246
20829,4012
20830,4896
20831,210
20832,66
20833,906
20834,47
20835,13
20836,2855
20837,110
20838,15056
20839,577
20840,442
20841,222
20842,113
20843,1194
20844,937
20845,103
20846,60
20847,109
20848,6276
20849,206
20850,944
20851,232
20852,382
20853,39
20854,57
20855,118
20856,0
20857,206
20858,157
20859,3260
20860,229
20861,185
20862,847
20863,633
20864,10887
20865,18847
20866,6830
20867,15153
20868,5890
20869,37
20870,376
20871,24455
20872,574
20873,23
20874,3
20875,155
20876,29
20877,746
20878,33489
20879,5014
20880,90
20881,184
20882,0
20883,238
20884,17
20885,21240
20886,13
20887,3071
20888,1559
20889,2285
20890,43
20891,633
20892,3508
20893,239
20894,147
20895,14
20896,193
20897,154
20898,133
20899,2838
20900,52
20901,6535
20902,390
20903,14
20904,93
20905,0
20906,326
20907,194
20908,82
20909,14274
20910,27
20911,13
20912,125
20913,194
20914,48
20915,32
20916,0
20917,27398
20918,1524
20919,28
20920,637
20921,858
20922,11
20923,18
20924,10431
20925,12781
20926,104
20927,97
20928,0
20929,7025
20930,1130
20931,3989
20932,790
20933,188
20934,12
20935,17131
20936,158
20937,10780
20938,346
20939,257
20940,2044
20941,152
20942,57
20943,31
20944,169
20945,25
20946,71
20947,37331
20948,5711
20949,18801
20950,9097
20951,136
20952,141
20953,7
20954,454
20955,232
20956,994
20957,11
20958,65
20959,47
20960,1206
20961,3
20962,61
20963,110
20964,156
20965,1019
20966,2114
20967,236
20968,131
20969,248
20970,0
20971,35
20972,42
20973,5811
20974,7345
20975,23
20976,230
20977,19
20978,43
20979,2559
20980,66
20981,0
20982,75
20983,11
20984,65
20985,112
20986,17
20987,0
20988,31
20989,391
20990,132
20991,64
20992,73
20993,72
20994,23
20995,62
20996,45
20997,0
20998,31
20999,563
21000,143
21001,10142
21002,854
21003,32
21004,8213
21005,423
21006,182
21007,59
21008,118
21009,4905
21010,26131
21011,110
21012,23
21013,42642
21014,4
21015,33
21016,48
21017,21
21018,208
21019,30
21020,443
21021,49
21022,12
21023,0
21024,131
21025,1113
21026,215
21027,155
21028,15
21029,66
21030,17
21031,23
21032,71
21033,11
21034,29
21035,7
21036,14
21037,17
21038,431
21039,279
21040,75
21041,131
21042,63
21043,123
21044,13
21045,1049
21046,75
21047,23792
21048,256
21049,21
21050,297
21051,120
21052,45
21053,102
21054,356
21055,213
21056,2217
21057,102
21058,9220
21059,253
21060,37
21061,6
21062,50
21063,91
21064,137
21065,31
21066,141
21067,62
21068,269
21069,718
21070,19
21071,236
21072,237
21073,1393
21074,324
21075,295
21076,35
21077,328
21078,90
21079,2971
21080,8
21081,18
21082,23
21083,45
21084,685
21085,0
21086,10
21087,132
21088,261
21089,1168
21090,88
21091,54
21092,385
21093,0
21094,60
21095,10
21096,13
21097,19
21098,425
21099,13
21100,71
21101,623
21102,60
21103,52
21104,21070
21105,21274
21106,58
21107,113
21108,86
21109,131
21110,157
21111,4
21112,44
21113,61
21114,14869
21115,966
21116,330
21117,578
21118,208
21119,0
21120,20
21121,388
21122,60
21123,1276
21124,6269
21125,11355
21126,136
21127,495
21128,157
21129,10346
21130,6518
21131,13518
21132,5069
21133,26082
21134,155
21135,87
21136,75
21137,1038
21138,291
21139,1011
21140,12463
21141,62
21142,488
21143,184
21144,167
21145,10369
21146,27
21147,83
21148,1443
21149,22
21150,311
21151,6
21152,22322
21153,14834
21154,55
21155,189
21156,1552
21157,289
21158,7589
21159,189
21160,2962
21161,811
21162,22
21163,2826
21164,238
21165,9933
21166,108
21167,7360
21168,6758
21169,5252
21170,75
21171,75
21172,631
21173,368
21174,3507
21175,365
21176,178
21177,14
21178,130
21179,2050
21180,39
21181,1815
21182,36
21183,18
21184,122
21185,12016
21186,151
21187,20736
21188,29
21189,171
21190,99
21191,330
21192,290
21193,17331
21194,21
21195,1124
21196,676
21197,28
21198,31
21199,36
21200,70
21201,694
21202,914
21203,37216
21204,44
21205,93
21206,15134
21207,128
21208,34
21209,67
21210,0
21211,158
21212,5
21213,63
21214,7563
21215,352
21216,23
21217,20
21218,1949
21219,3585
21220,46
21221,206
21222,320
21223,3554
21224,28
21225,51
21226,41
21227,80
21228,304
21229,1391
21230,346
21231,886
21232,96
21233,601
21234,1746
21235,6526
21236,900
21237,1692
21238,240
21239,118
21240,16
21241,1163
21242,365
21243,100
21244,84
21245,5977
21246,13374
21247,3762
21248,2187
21249,161
21250,1907
21251,28
21252,106
21253,382
21254,4151
21255,16
21256,185
21257,49
21258,117
21259,46
21260,76
21261,584
21262,124
21263,34
21264,18
21265,476
21266,0
21267,6
21268,17
21269,584
21270,17
21271,26
21272,85
21273,326
21274,20
21275,42
21276,150
21277,1051
21278,0
21279,3862
21280,93
21281,41
21282,1350
21283,161
21284,5548
21285,48
21286,1418
21287,1277
21288,28
21289,89
21290,9
21291,28
21292,74
21293,11328
21294,1208
21295,891
21296,53
21297,17
21298,51
21299,29
21300,169
21301,135
21302,94
21303,9
21304,40
21305,15
21306,453
21307,30
21308,120
21309,492
21310,1025
21311,189
21312,3226
21313,57
21314,5906
21315,9857
21316,15078
21317,1668
21318,67
21319,2684
21320,13
21321,76
21322,64
21323,3
21324,44
21325,74
21326,5880
21327,10745
21328,3960
21329,44
21330,232
21331,76
21332,118
21333,83
21334,86
21335,36
21336,24499
21337,6620
21338,57
21339,30018
21340,8667
21341,170
21342,415
21343,64
21344,483
21345,578
21346,9
21347,1485
21348,195
21349,391
21350,156
21351,165
21352,9207
21353,450
21354,11699
21355,2862
21356,96
21357,87
21358,1662
21359,413
21360,1305
21361,46
21362,8203
21363,3460
21364,190
21365,3920
21366,26
21367,12
21368,406
21369,134
21370,67
21371,22
21372,0
21373,168
21374,7645
21375,28
21376,26
21377,188
21378,207
21379,60
21380,4047
21381,47
21382,19
21383,26
21384,1101
21385,305
21386,366
21387,29
21388,397
21389,89
21390,41
21391,0
21392,115
21393,842
21394,66
21395,75
21396,2184
21397,143
21398,63
21399,4749
21400,114
21401,196
21402,134
21403,132
21404,355
21405,134
21406,16
21407,45
21408,5
21409,0
21410,61
21411,10711
21412,7416
21413,69
21414,7513
21415,116
21416,363
21417,179
21418,115
21419,386
21420,304
21421,118
21422,4
21423,6
21424,14
21425,57
21426,162
21427,982
21428,368
21429,408
21430,147
21431,9
21432,3
21433,0
21434,23
21435,1801
21436,22
21437,58
21438,21
21439,22
21440,37
21441,86
21442,70
21443,4
21444,802
21445,0
21446,0
21447,2878
21448,3
21449,5145
21450,621
21451,138
21452,23219
21453,49
21454,398
21455,143
21456,2743
21457,200
21458,49
21459,2556
21460,94
21461,23
21462,336
21463,23
21464,100
21465,52
21466,100
21467,23588
21468,1346
21469,19014
21470,110
21471,200
21472,82
21473,2495
21474,247
21475,87
21476,4760
21477,119
21478,16
21479,14
21480,8
21481,20
21482,396
21483,43
21484,167
21485,65
21486,576
21487,251
21488,1317
21489,47
21490,5869
21491,141
21492,616
21493,13272
21494,0
21495,66
21496,1181
21497,284
21498,7
21499,9
21500,94
21501,85
21502,112
21503,84
21504,17348
21505,92
21506,165
21507,142
21508,121
21509,527
21510,475
21511,9
21512,32
21513,13
21514,635
21515,33
21516,472
21517,36
21518,5
21519,74
21520,1353
21521,62
21522,42
21523,707
21524,1021
21525,0
21526,850
21527,131
21528,806
21529,1052
21530,24
21531,59
21532,159
21533,343
21534,3420
21535,237
21536,1489
21537,570
21538,2436
21539,230
21540,263
21541,131
21542,1327
21543,8
21544,2782
21545,30
21546,236
21547,3962
21548,7
21549,40
21550,2994
21551,1439
21552,25
21553,220
21554,9121
21555,8926
21556,31
21557,189
21558,6681
21559,994
21560,469
21561,878
21562,2073
21563,35
21564,9892
21565,67
21566,31
21567,121
21568,21
21569,5491
21570,20
21571,5384
21572,73
21573,368
21574,5407
21575,9389
21576,490
21577,42
21578,453
21579,239
21580,75
21581,36
21582,198
21583,1665
21584,1183
21585,905
21586,9929
21587,22296
21588,315
21589,274
21590,753
21591,280
21592,183
21593,2681
21594,108
21595,65
21596,29
21597,12675
21598,7
21599,5541
21600,6
21601,164
21602,248
21603,272
21604,12573
21605,116
21606,230
21607,6
21608,602
21609,99
21610,6
21611,11
21612,2005
21613,80
21614,77
21615,2299
21616,0
21617,98
21618,8160
21619,646
21620,501
21621,43
21622,23
21623,7
21624,211
21625,3311
21626,47
21627,140
21628,775
21629,6878
21630,121
21631,143
21632,87
21633,102
21634,112
21635,14890
21636,19
21637,840
21638,12
21639,90
21640,54941
21641,64
21642,7953
21643,11362
21644,8784
21645,63
21646,17
21647,32
21648,13197
21649,966
21650,36
21651,73
21652,83
21653,2770
21654,407
21655,223
21656,821
21657,70
21658,249
21659,23369
21660,182
21661,43
21662,184
21663,157
21664,423
21665,679
21666,0
21667,721
21668,397
21669,42
21670,216
21671,190
21672,25
21673,1899
21674,213
21675,17452
21676,22
21677,4000
21678,91
21679,223
21680,33
21681,588
21682,34565
21683,28712
21684,180
21685,1666
21686,37
21687,46
21688,31
21689,62
21690,16
21691,3829
21692,44
21693,106
21694,64
21695,51
21696,65
21697,13
21698,525
21699,0
21700,0
21701,36
21702,334
21703,2263
21704,0
21705,31
21706,16795
21707,887
21708,71
21709,116
21710,66
21711,171
21712,12
21713,30
21714,169
21715,277
21716,9375
21717,529
21718,120
21719,28
21720,6
21721,91
21722,80
21723,34
21724,105
21725,20
21726,160
21727,3651
21728,207
21729,49
21730,0
21731,69
21732,4948
21733,5609
21734,65
21735,9250
21736,6900
21737,1825
21738,23
21739,44
21740,185
21741,49
21742,16224
21743,85
21744,81
21745,32
21746,6287
21747,26
21748,94
21749,79
21750,25
21751,43
21752,5
21753,75
21754,1004
21755,23059
21756,8312
21757,144
21758,67
21759,193
21760,8886
21761,29
21762,852
21763,25759
21764,0
21765,118
21766,0
21767,1477
21768,10
21769,14389
21770,138
21771,39
21772,910
21773,15
21774,46
21775,29
21776,47
21777,5
21778,333
21779,180
21780,61
21781,136
21782,15
21783,3671
21784,21
21785,10
21786,496
21787,1271
21788,118
21789,8
21790,6182
21791,139
21792,706
21793,18734
21794,28
21795,9799
21796,99
21797,92
21798,3011
21799,18
21800,44
21801,1450
21802,10
21803,19846
21804,94
21805,251
21806,16
21807,2225
21808,41
21809,42
21810,295
21811,0
21812,0
21813,330
21814,119
21815,117
21816,35340
21817,54
21818,85
21819,108
21820,437
21821,31
21822,403
21823,170
21824,426
21825,33
21826,184
21827,19889
21828,100
21829,138
21830,167
21831,29
21832,884
21833,140
21834,185
21835,132
21836,69
21837,14
21838,46
21839,63
21840,230
21841,41
21842,126
21843,8
21844,105
21845,278
21846,8
21847,114
21848,95
21849,9996
21850,897
21851,177
21852,170
21853,59
21854,17
21855,98
21856,64
21857,545
21858,7
21859,387
21860,168
21861,68
21862,126
21863,3285
21864,26
21865,212
21866,20
21867,2254
21868,72
21869,22
21870,280
21871,30
21872,54
21873,17
21874,153
21875,425
21876,0
21877,555
21878,1023
21879,819
21880,201
21881,48
21882,79
21883,24
21884,87
21885,122
21886,124
21887,96
21888,66
21889,262
21890,50
21891,31
21892,462
21893,27689
21894,434
21895,8033
21896,30909
21897,24
21898,1982
21899,548
21900,89
21901,40
21902,99
21903,276
21904,70
21905,3
21906,23
21907,218
21908,196
21909,139
21910,41
21911,1599
21912,379
21913,0
21914,191
21915,238
21916,48
21917,970
21918,14
21919,111
21920,56
21921,2509
21922,6886
21923,171
21924,84
21925,4704
21926,59
21927,533
21928,547
21929,1844
21930,866
21931,136
21932,230
21933,415
21934,13658
21935,451
21936,820
21937,189
21938,10445
21939,2401
21940,1723
21941,1322
21942,5901
21943,410
21944,344
21945,9
21946,19
21947,168
21948,13
21949,50
21950,12
21951,90
21952,32257
21953,7436
21954,177
21955,318
21956,17
21957,84
21958,37
21959,89
21960,8682
21961,34
21962,130
21963,4277
21964,50
21965,3225
21966,14953
21967,325
21968,282
21969,3027
21970,3475
21971,25276
21972,203
21973,40
21974,2895
21975,199
21976,20
21977,24
21978,36
21979,64
21980,96
21981,233
21982,46
21983,92
21984,4604
21985,12413
21986,327
21987,0
21988,33
21989,43
21990,7
21991,158
21992,536
21993,673
21994,17
21995,3
21996,1644
21997,18
21998,6714
21999,439
22000,8442
22001,6804
22002,9851
22003,19
22004,5
22005,17714
22006,18503
22007,1159
22008,45
22009,1773
22010,93
22011,411
22012,9
22013,101
22014,2264
22015,115
22016,8328
22017,450
22018,285
22019,270
22020,1170
22021,197
22022,710
22023,49
22024,25
22025,36
22026,14
22027,54118
22028,229
22029,1196
22030,67
22031,442
22032,1063
22033,41
22034,172
22035,167
22036,3835
22037,12308
22038,7074
22039,188
22040,33
22041,18171
22042,10534
22043,75
22044,51
22045,149
22046,138
22047,7793
22048,58
22049,3636
22050,3867
22051,125
22052,177
22053,54
22054,29
22055,110
22056,677
22057,159
22058,158
22059,22
22060,49
22061,72
22062,322
22063,7
22064,360
22065,230
22066,206
22067,14
22068,52
22069,6
22070,29
22071,17
22072,191
22073,40
22074,267
22075,32
22076,4
22077,365
22078,189
22079,16
22080,66
22081,132
22082,14
22083,12
22084,2575
22085,79
22086,66781
22087,178
22088,3788
22089,0
22090,5
22091,73
22092,42
22093,48
22094,356
22095,38
22096,26
22097,79
22098,717
22099,88
22100,202
22101,149
22102,1024
22103,403
22104,440
22105,3742
22106,174
22107,17633
22108,220
22109,4436
22110,10016
22111,708
22112,619
22113,787
22114,126
22115,214
22116,5
22117,38
22118,12203
22119,37
22120,28
22121,33790
22122,2005
22123,236
22124,1108
22125,47
22126,21
22127,292
22128,50
22129,772
22130,598
22131,229
22132,5
22133,354
22134,2365
22135,1516
22136,223
22137,672
22138,83
22139,19
22140,31
22141,2295
22142,443
22143,76
22144,296
22145,589
22146,329
22147,5294
22148,1009
22149,708
22150,111
22151,3000
22152,102
22153,67
22154,299
22155,157
22156,28
22157,6
22158,26
22159,102
22160,2695
22161,51096
22162,0
22163,52
22164,836
22165,56
22166,13
22167,3
22168,7
22169,34
22170,28587
22171,9
22172,4390
22173,31
22174,19144
22175,10764
22176,9964
22177,268
22178,994
22179,1532
22180,287
22181,165
22182,49
22183,3497
22184,3154
22185,71
22186,2583
22187,25
22188,43
22189,4
22190,213
22191,208
22192,34
22193,5797
22194,8616
22195,26
22196,0
22197,128
22198,14381
22199,1729
22200,7
22201,141
22202,49
22203,1221
22204,27
22205,10
22206,231
22207,33571
22208,24129
22209,44
22210,187
22211,164
22212,36
22213,64
22214,545
22215,1411
22216,70
22217,2579
22218,0
22219,324
22220,9438
22221,33
22222,6328
22223,79
22224,743
22225,72
22226,14296
22227,38
22228,57
22229,1700
22230,130
22231,9
22232,5211
22233,89
22234,10926
22235,200
22236,312
22237,0
22238,543
22239,970
22240,86
22241,855
22242,6066
22243,105
22244,244
22245,214
22246,619
22247,4952
22248,15
22249,17215
22250,2067
22251,373
22252,161
22253,140
22254,251
22255,10194
22256,5143
22257,614
22258,1626
22259,0
22260,28
22261,222
22262,129
22263,2559
22264,837
22265,6569
22266,186
22267,3
22268,126
22269,38
22270,27
22271,423
22272,263
22273,5
22274,71
22275,32067
22276,1192
22277,2048
22278,294
22279,679
22280,28
22281,1323
22282,322
22283,583
22284,39
22285,76
22286,249
22287,19
22288,70
22289,27
22290,609
22291,8088
22292,34
22293,245
22294,315
22295,356
22296,32
22297,56
22298,1762
22299,1189
22300,0
22301,820
22302,2813
22303,1857
22304,6
22305,11767
22306,2013
22307,421
22308,1014
22309,2156
22310,11548
22311,24989
22312,124
22313,71
22314,25028
22315,22631
22316,128
22317,42
22318,53
22319,2820
22320,3092
22321,200
22322,117
22323,35
22324,9
22325,193
22326,349
22327,184
22328,22174
22329,12766
22330,38042
22331,4942
22332,1186
22333,974
22334,2318
22335,100
22336,43
22337,44
22338,75
22339,2890
22340,34
22341,40
22342,123
22343,19490
22344,12571
22345,2951
22346,3542
22347,44
22348,63
22349,368
22350,826
22351,371
22352,105
22353,47
22354,6220
22355,276
22356,61
22357,118
22358,0
22359,41
22360,49
22361,79
22362,45
22363,0
22364,310
22365,65
22366,187
22367,101
22368,11
22369,2980
22370,231
22371,180
22372,351
22373,5756
22374,176
22375,198
22376,6850
22377,84
22378,33
22379,1072
22380,8980
22381,1047
22382,3997
22383,158
22384,107
22385,78
22386,20
22387,255
22388,5
22389,234
22390,0
22391,38851
22392,368
22393,306
22394,503
22395,9445
22396,12047
22397,18552
22398,670
22399,13655
22400,16
22401,129
22402,3
22403,160
22404,103
22405,11186
22406,11
22407,0
22408,127
22409,861
22410,227
22411,10
22412,17
22413,232
22414,10578
22415,22
22416,0
22417,160
22418,38
22419,405
22420,30
22421,20
22422,17
22423,452
22424,245
22425,92
22426,1175
22427,39
22428,142
22429,194
22430,748
22431,600
22432,25
22433,325
22434,3
22435,0
22436,139
22437,54
22438,24
22439,46
22440,55
22441,908
22442,0
22443,7
22444,540
22445,15
22446,15
22447,524
22448,32
22449,26
22450,153
22451,56370
22452,103
22453,25
22454,85
22455,36
22456,69
22457,81
22458,416
22459,25
22460,56
22461,25
22462,328
22463,69
22464,59
22465,462
22466,281
22467,4955
22468,135
22469,130
22470,568
22471,1012
22472,76
22473,15419
22474,15174
22475,54
22476,2064
22477,23
22478,12
22479,2308
22480,75
22481,21
22482,44
22483,16966
22484,14098
22485,62
22486,206
22487,60
22488,2254
22489,72
22490,20
22491,8
22492,8
22493,110
22494,93
22495,4
22496,4497
22497,18
22498,243
22499,30
22500,131
22501,1046
22502,110
22503,22
22504,20234
22505,0
22506,1606
22507,133
22508,19005
22509,3066
22510,311
22511,475
22512,27
22513,70
22514,188
22515,0
22516,1250
22517,57
22518,90
22519,68
22520,23
22521,358
22522,63
22523,66
22524,3
22525,175
22526,547
22527,7
22528,1973
22529,5
22530,50
22531,229
22532,23
22533,319
22534,822
22535,110
22536,366
22537,818
22538,221
22539,0
22540,74
22541,88
22542,0
22543,1085
22544,713
22545,107
22546,1722
22547,12817
22548,509
22549,0
22550,3178
22551,18534
22552,51
22553,257
22554,49
22555,23
22556,3
22557,5
22558,46
22559,13
22560,4
22561,0
22562,83
22563,143
22564,37
22565,4349
22566,401
22567,305
22568,83
22569,26907
22570,1780
22571,553
22572,2116
22573,140
22574,90
22575,22
22576,69
22577,1382
22578,181
22579,162
22580,153
22581,87
22582,36305
22583,13
22584,357
22585,9
22586,6733
22587,449
22588,8
22589,30
22590,7
22591,33
22592,21
22593,85
22594,3449
22595,4
22596,893
22597,645
22598,523
22599,440
22600,157
22601,250
22602,198
22603,19
22604,16
22605,9
22606,25
22607,47
22608,173
22609,0
22610,17
22611,450
22612,215
22613,56
22614,3417
22615,120
22616,107
22617,415
22618,40
22619,29
22620,6818
22621,187
22622,45
22623,55
22624,184
22625,982
22626,904
22627,10993
22628,11954
22629,44
22630,50
22631,16
22632,65
22633,7030
22634,163
22635,936
22636,37
22637,32
22638,47
22639,420
22640,57
22641,0
22642,0
22643,52
22644,1061
22645,88
22646,44
22647,67
22648,43
22649,37
22650,677
22651,35
22652,0
22653,130
22654,5
22655,13
22656,227
22657,94
22658,0
22659,11
22660,12
22661,15004
22662,42
22663,1515
22664,28
22665,262
22666,157
22667,171
22668,191
22669,2195
22670,67
22671,522
22672,408
22673,3132
22674,41
22675,96
22676,1477
22677,0
22678,217
22679,8
22680,19214
22681,550
22682,11
22683,237
22684,124
22685,14237
22686,20754
22687,314
22688,48
22689,2020
22690,72
22691,53
22692,31
22693,146
22694,13
22695,565
22696,42
22697,2359
22698,19856
22699,280
22700,33
22701,68
22702,5541
22703,671
22704,4820
22705,50
22706,144
22707,721
22708,16
22709,204
22710,31308
22711,46
22712,77
22713,88
22714,124
22715,29
22716,43
22717,217
22718,12
22719,122
22720,2422
22721,5352
22722,3799
22723,58
22724,250
22725,0
22726,104
22727,1911
22728,11
22729,308
22730,4956
22731,20
22732,52
22733,951
22734,20
22735,31
22736,15
22737,62
22738,121
22739,41
22740,4348
22741,144
22742,210
22743,361
22744,128
22745,10376
22746,95
22747,0
22748,66
22749,43
22750,50027
22751,2392
22752,97
22753,1052
22754,378
22755,113
22756,11729
22757,8025
22758,14794
22759,163
22760,27
22761,6502
22762,62
22763,130
22764,483
22765,252
22766,20652
22767,18
22768,25
22769,3620
22770,347
22771,30
22772,220
22773,37
22774,3990
22775,6117
22776,25
22777,383
22778,92
22779,64
22780,45
22781,123
22782,192
22783,78
22784,244
22785,28
22786,35
22787,53
22788,439
22789,33
22790,17
22791,9448
22792,14407
22793,1622
22794,654
22795,241
22796,10
22797,77
22798,146
22799,88
22800,16
22801,421
22802,2456
22803,171
22804,96
22805,7273
22806,4
22807,26
22808,18
22809,0
22810,8
22811,14
22812,127
22813,436
22814,3440
22815,103
22816,8
22817,3
22818,177
22819,20259
22820,24407
22821,26
22822,49
22823,196
22824,44
22825,3843
22826,47
22827,0
22828,0
22829,5215
22830,114
22831,39
22832,91
22833,6732
22834,315
22835,62
22836,436
22837,52
22838,34
22839,126
22840,33
22841,374
22842,114
22843,150
22844,36
22845,45
22846,556
22847,55
22848,245
22849,0
22850,13
22851,364
22852,191
22853,342
22854,43
22855,48
22856,91
22857,2964
22858,262
22859,94
22860,404
22861,160
22862,26
22863,12
22864,32
22865,0
22866,0
22867,0
22868,0
22869,86
22870,18
22871,12
22872,0
22873,326
22874,147
22875,1177
22876,1940
22877,610
22878,6
22879,29
22880,18
22881,67
22882,40
22883,20518
22884,278
22885,106
22886,75
22887,104
22888,32
22889,2008
22890,222
22891,13
22892,4161
22893,143
22894,1511
22895,0
22896,284
22897,109
22898,246
22899,69
22900,283
22901,45
22902,181
22903,44
22904,113
22905,0
22906,272
22907,272
22908,194
22909,63
22910,3012
22911,2875
22912,17
22913,1893
22914,204
22915,2136
22916,1602
22917,15636
22918,78
22919,8661
22920,15
22921,551
22922,35
22923,5
22924,1789
22925,582
22926,325
22927,320
22928,124
22929,107
22930,138
22931,34
22932,11
22933,93
22934,1021
22935,675
22936,0
22937,56
22938,34
22939,128
22940,52
22941,123
22942,49
22943,147
22944,0
29494,9089
29797,38